{
  "command": "npx vitest run tests/unit/utils/performanceMonitor.vitest.js",
  "timestamp": "2025-04-03T19:20:11.070Z",
  "summary": {
    "duration": 3834,
    "exitCode": 0,
    "peakRSS": 46.25,
    "peakHeapUsed": 4.413673400878906,
    "finalRSS": 46.25,
    "finalHeapUsed": 4.413673400878906,
    "sampleCount": 3
  },
  "samples": [
    {
      "timestamp": 1002,
      "rss": 46.25,
      "heapTotal": 4.72265625,
      "heapUsed": 4.397972106933594,
      "external": 1.6881675720214844
    },
    {
      "timestamp": 2003,
      "rss": 46.25,
      "heapTotal": 4.72265625,
      "heapUsed": 4.40447998046875,
      "external": 1.6882057189941406
    },
    {
      "timestamp": 3003,
      "rss": 46.25,
      "heapTotal": 4.72265625,
      "heapUsed": 4.413673400878906,
      "external": 1.6882781982421875
    }
  ]
}